-- phpMyAdmin SQL Dump
-- version 5.2.1
-- https://www.phpmyadmin.net/
--
-- Host: 127.0.0.1
-- Generation Time: Apr 02, 2025 at 10:32 AM
-- Server version: 10.4.32-MariaDB
-- PHP Version: 8.2.12

SET SQL_MODE = "NO_AUTO_VALUE_ON_ZERO";
START TRANSACTION;
SET time_zone = "+00:00";


/*!40101 SET @OLD_CHARACTER_SET_CLIENT=@@CHARACTER_SET_CLIENT */;
/*!40101 SET @OLD_CHARACTER_SET_RESULTS=@@CHARACTER_SET_RESULTS */;
/*!40101 SET @OLD_COLLATION_CONNECTION=@@COLLATION_CONNECTION */;
/*!40101 SET NAMES utf8mb4 */;

--
-- Database: `cms_news`
--

-- --------------------------------------------------------

--
-- Table structure for table `category`
--

CREATE TABLE `category` (
  `category_id` int(10) UNSIGNED NOT NULL,
  `category_name` varchar(255) NOT NULL,
  `status` int(11) NOT NULL DEFAULT 1
) ENGINE=InnoDB DEFAULT CHARSET=utf8mb4 COLLATE=utf8mb4_general_ci;

--
-- Dumping data for table `category`
--

INSERT INTO `category` (`category_id`, `category_name`, `status`) VALUES
(1, 'ព័ត៌មានកម្សាន្ដ', 1),
(7, 'ព័ត៌មានជាតិ', 1),
(15, 'ព័ត៌មានអន្តរជាតិ', 1),
(16, '	ព័ត៌មានកីឡា', 1);

-- --------------------------------------------------------

--
-- Table structure for table `contact`
--

CREATE TABLE `contact` (
  `id` int(10) UNSIGNED NOT NULL,
  `name` varchar(255) NOT NULL,
  `image` varchar(255) NOT NULL,
  `status` int(11) NOT NULL
) ENGINE=InnoDB DEFAULT CHARSET=utf8mb4 COLLATE=utf8mb4_general_ci;

-- --------------------------------------------------------

--
-- Table structure for table `content`
--

CREATE TABLE `content` (
  `id` int(10) UNSIGNED NOT NULL,
  `title` varchar(255) NOT NULL,
  `description` text DEFAULT NULL,
  `image` varchar(255) DEFAULT NULL,
  `category` int(10) UNSIGNED NOT NULL,
  `author` varchar(20) NOT NULL,
  `status` int(11) NOT NULL,
  `type` int(11) NOT NULL,
  `date` timestamp NOT NULL DEFAULT current_timestamp() ON UPDATE current_timestamp()
) ENGINE=InnoDB DEFAULT CHARSET=utf8mb4 COLLATE=utf8mb4_general_ci;

--
-- Dumping data for table `content`
--

INSERT INTO `content` (`id`, `title`, `description`, `image`, `category`, `author`, `status`, `type`, `date`) VALUES
(35, 'ចំនួនគម្រោង និង​ដើមទុនវិនិយោគ​របស់​ក្រុមហ៊ុន​ដែល​ CDC អនុម័តបាន​កើនឡើងគួរឱ្យកត់សម្គាល់', 'ក្រុមប្រឹក្សា​អភិវឌ្ឍន៍​កម្ពុជា(CDC) នៅ​ក្នុង​ឆ្នាំ​ ២០២៤ នេះ​បាន​អនុម័ត​លើ​គម្រោង​វិនិយោគ​ចំនួន ៤១៤ ដែល​មាន​ទុន​វិនិយោគ​សរុបជិត ៧ ពាន់​លាន​ដុល្លារ កើន​ឡើង​ជិត ២ ពាន់​លាន​ដុល្លារ​បើ​ធៀប​នឹង​ឆ្នាំ​២០២៣។ នេះ​បើ​យោង​តាម​បណ្តាញ​សង្គម​ផ្លូវ​ការ​របស់​លោក​នាយក​រដ្ឋមន្ត្រី ហ៊ុន ម៉ាណែត។\r\n\r\nលោក ហ៊ុន ម៉ាណែត នា​ព្រឹកថ្ងៃ​ទី២០ ខែ​ធ្នូ​ នេះ​បាន​អញ្ជើញ​ដឹកនាំ​កិច្ច​ប្រជុំ​ក្រុម​ប្រឹក្សា​អភិវឌ្ឍន៍​កម្ពុជា ​ជា​លើក​ដំបូង​ក្នុង​នាម​ជា​ប្រមុខ​រាជ​រដ្ឋាភិបាល​ និង​ជា​ប្រធាន​ក្រុមប្រឹក្សា​អភិវឌ្ឍន៍​កម្ពុជា។\r\n\r\nយោង​តាម​បណ្តាញ​សង្គម​ផ្លូវ​ការ​របស់លោក ហ៊ុន ម៉ាណែត ក្នុង​ឆ្នាំ ​២០២៤ ក្រុម​ប្រឹក្សា​អភិវឌ្ឍនន៍​កម្ពុជា បាន​អនុម័ត​ឱ្យ​គម្រោង​វិនិយោគ​ចំនួន ៤១៤ គម្រោង កើន​ឡើង ៥៤ ភាគ​រយ​(​១៤៦ គម្រោង) ​បើ​ធៀប​នឹង​ឆ្នាំ ​២០២៣ ដែល​មាន​ចំនួន ២៦៨ គម្រោង។ \r\n\r\nចំណែក​ទុន​វិនិយោគ​សរុប​របស់​គម្រោង​ទាំង ៤១៤ គឺ​មាន​ប្រមាណ ៦,៩ ពាន់​លាន​ដុល្លារ កើន​ឡើង ៤០​ភាគ​រយ ពី​ចំនួន ៤,៩២ ពាន់​លាន​ដុល្លារ។\r\n\r\nអ្នក​សេដ្ឋកិច្ច​នៅ​រាជបណ្ឌិត្យ​សភាកម្ពុជា លោក ហុង វណ្ណៈ បាន​ប្រាប់​ភ្នំពេញ​ប៉ុស្តិ៍​ក្នុង​ថ្ងៃ​ទី​២០ ខែ​ធ្នូ ថា បើទោះបីស្ថានភាព​​នយោបាយ និង​សេដ្ឋកិច្ច​សកល​​មិន​ទាន់ល្អ​ប្រសើរដូចមុន​ឆ្នាំ​ ២០២០ ប៉ុន្តែ​ប្រទេស​កម្ពុជា​នៅ​តែមាន​សក្តានុពល​គ្រប់គ្រាន់ដើម្បី​​​ទាក់​ទាញ​​វិនិយោគិនជាតិ និង​អន្តរជាតិឱ្យ​ចូលមក​បើក​រោងចក្រ/សហគ្រាស​​នៅ​កម្ពុជា។ \r\n\r\nកំណើន​ក្រុមហ៊ុន​ដែល​ CDC អនុម័ត គឺ​បញ្ជាក់​ពីទំនុក​ចិត្ត​របស់​ក្រុម​វិនិយោគិនចំពោះ​ស្ថិរភាព​នយោបាយ​កម្ពុជា ព្រម​ទាំង​កត្តា​ទីផ្សារ​នាំ​ចេញ​ទំនិញ​ទៅ​​​ទីផ្សារ​អន្តរជាតិ​​​​​។ លោក​បន្ត​ថា សមិទ្ធិផលទាំង​អស់​នេះ​ក៏​កើត​ចេញ​ពី​កិច្ច​ខិតខំ​របស់​រាជ​រដ្ឋាភិបាលលើ​ការ​អភិវឌ្ឍ​ហេដ្ឋារចនា​សម្ព័ន​ដឹក​ជញ្ជូនគ្រប់​ផ្នែក ការ​តភ្ជាប់​ថាម​ពល ក៏​ដូច​ជា​ការ​កែលម្អ​ប្រព័ន្ធច្បាប់​វិនិយោគ។ \r\n\r\nកន្លែង​ណា​ដែល​មាន​ភាព​អំណោយផល​ និង​បង្កភាព​ងាយ​ស្រួល​ដល់​ការ​វិនិយោគ នឹង​មាន​លំហូរ​វិនិយោគិន​ច្រើន​ទៅ​​ទីនោះ។​​\r\nលោក​បាន​ថ្លែង​ថា៖​«ចំនួនក្រុមហ៊ុន​វិនិយោគ​ដែល​អនុម័ត​ដោយ​ក្រុមប្រឹក្សា​អភិវឌ្ឍន៍​កម្ពុជា​នឹង​កើន​ឡើង​​ថែម​ទៀត​នា​ពេល​ខាង​មុខ។ \r\n\r\nការ​អភិវឌ្ឍហេដ្ឋារចនា​សម្ព័ន្ធ​ និង​ប្រព័ន្ធ​ចែកចាយ​ថាម​ពល ​នឹង​ជួយ​ឱ្យ​ថ្លែ​ដើម​ទំនិញ​កាន់តែ​ទាប ដែល​ចំណុចនេះ​នឹងធ្វើ​ឱ្យ​សមត្ថភាព​នៃ​ការ​ប្រកួត​ប្រជែង​​ទំនិញ​កម្ពុជា​លើ​ទីផ្សារ​អន្តរជាតិមាន​កាន់តែ​ខ្លាំង»។\r\n\r\nទាក់​ទង​នឹង​ប្រភេទ​​គម្រោង​វិនិយោគថ្មីៗ​ លោក វណ្ណៈ ប្រាប់ថា កាន់តែ​មាន​លក្ខណៈ​ចម្រុះ និង​​ប្រើ​បច្ចេក​វិទ្យា​ទំនើបៗ​កាន់​តែ​ច្រើន ដូច​ជា រោងចក្រ​ផលិត​ឧបករណ៍​​អេឡិចត្រូនិក ​គ្រឿង​​អគ្គិសនី ដំឡើងរថយន្ត ​​កែច្នៃ​ធនធានរ៉ែ និង​ផលិតផល​កសិកម្ម​ ជា​ដើម​។\r\n\r\nអ្នក​សេដ្ឋកិច្ច លោក ឌុច ដារិន្ទ បាននិយាយ​ថា កត្តា​សុខសន្តិភាព ស្ថិរភាព​នយោបាយ ការ​បន្ត​ពង្រឹង​សេរីភាព​សេដ្ឋកិច្ច និង​កិច្ច​ព្រម​ព្រៀង​ពាណិជ្ជកម្ម​សេរី​ទ្វេភាគី និង​ពហុភាគី​ដែល​កម្ពុជា​បាន​ចុះ​ហត្ថលេខា​ជា​មួយ​ប្រទេស​ជា​ច្រើន គឺ​ជា​សក្តានុពល​ដ៏​ធំ​ក្នុង​ការ​ទាក់ទាញ​ និង​លើក​ទឹក​ចិត្ត​ឱ្យ​វិនិយោគិន​ជាតិ និង​អន្តរជាតិ​កាន់​តែ​ច្រើន​បណ្តាក់​ទុន​នៅ​កម្ពុជា។\r\n\r\nលោក​បាន​ថ្លែង​ថា៖​«សេរីភាព​សេដ្ឋកិច្ច រួម​ជាមួយ​សន្តិភាព និង​ស្ថិរភាព​នយោបាយ ​អាច​ផ្តល់​នូវ​បរិយាកាស​សម្រាប់​វិនិយោគិន​មើល​ឃើញ​ឱកាស​វិនិយោគ​រយៈ​ពេលវែង ដែល​មាន​ប្រយោជន៍​សម្រាប់​ការអភិវឌ្ឍ និង​ការ​រីកចម្រើន​នៃ​សេដ្ឋកិច្ច​កម្ពុជា​បន្ត​ទៀត​ប្រកប​ដោយ​បរិយាប័ន្ន»។\r\n\r\nលោក​លើក​ឡើង​ទៀត​ថា ជាមួយ​នឹង​ដំណើរ​វិវឌ្ឍន៍​ដ៏​ល្អ​នេះ កំណើន​សេដ្ឋកិច្ច​កម្ពុជា​ក៏​ត្រូវ​បាន​រំពឹង​ថា​នឹង​បោះ​ជំហាន​ទៅ​មុខ​កាន់​តែ​លឿន។ \r\n\r\nជាក់​ស្តែង​តាម​ការ​ព្យាករ​របស់​រដ្ឋាភិបាល​កម្ពុជា គឺ​ផលិតផល​ក្នុង​ស្រុក​(ផ.ស.ស) សម្រាប់​មនុស្ស​ម្នាក់​នៅ​កម្ពុជា ក្នុង​ឆ្នាំ ២០២៥ ត្រូវ​រំពឹង​ថា​នឹង​កើន​ដល់​ជិត ៣ ពាន់​ដុល្លារ​អាមេរិក​(២ ៩២៤ដុល្លារ) ព្រមទាំង​អត្រា​កំណើន​នៃ​ផលិតផល​ក្នុង​ស្រុក​សរុប​ព្យាករណ៍​ថា​កើន​បាន ៦,៣ ភាគរយ គាំទ្រ​ដោយ​វិស័យ​សេដ្ឋកិច្ច​សំខាន់ៗ​ដូចជា វិស័យ​ឧស្សាហកម្ម នឹង​មាន​កំណើន ៨,៦ ភាគរយ, វិស័យ​សេវាកម្ម​នឹង​មាន​កំណើន ៥,៦ ភាគរយ និង​វិស័យ​កសិកម្ម នឹង​កើន​ឡើង ១,១ ភាគរយ។ ចំណែក​អតិផរណា ត្រូវ​បាន​ព្យាករ​ថា​នឹង​ស្ថិត​ក្នុង​រង្វង់ ២,៥ ភាគរយ​នៅ​ឆ្នាំ ២០២៥ ខាង​មុខ។\r\n\r\nដើម្បី​បង្កភាព​ងាយស្រួល និង​អាច​ទាក់​ទាញ​អ្នក​វិនិយោគ​ឱ្យ​ចូលមក​បណ្តាក់​ទុន​នៅ​កម្ពុជា​កាន់​តែ​ច្រើន ក្រុមប្រឹក្សា​អភិវឌ្ឍន៍​កម្ពុជា (CDC) កាល​ពី​ថ្ងៃ​ទី​២៧ ខែ​វិច្ឆិកា ឆ្នាំ​ ២០២៤ បាន​ប្រកាស​ដាក់​ឱ្យ​ដំណើរ​ការ​ «ប្រព័ន្ធ​គ្រប់គ្រង​គម្រោង​វិនិយោគ​កម្ពុជា»(ប្រព័ន្ធ cdcIPM) ដែលជាប្រព័ន្ធ​បច្ចេកវិទ្យា​ឌីជីថល​ថ្មី​មួយ​ផ្ដល់​លទ្ធភាព​ឱ្យ​វិនិយោគិន​អាច​ដាក់​ពាក្យ​វិនិយោគ​ពី​គ្រប់​កន្លែង និងគ្រប់​ពេលវេលា។ \r\n\r\nប្រព័ន្ធ​ថ្មី​នេះ​នឹង​ចូលរួម​ចំណែក​ពន្លឿន​ការ​ផ្ដល់​សេវា​ចុះ​បញ្ជី​គម្រោង​វិនិយោគ​មាន​លក្ខណៈ​សម្បត្តិ​គ្រប់គ្រាន់​ដែល​ហៅ​ថា QIP(Qualified investment Project) ដោយ​ប្តូរ​ពី​ការ​ធ្វើ​លើ​ឯកសារ​រឹង​(Hard Copy) ទៅ​ជា​ការ​ធ្វើ​តាម​ប្រព័ន្ធ​ឌីជីថល ដែល​កិច្ចការ​នេះ​នឹង​កាត់​បន្ថយ​តម្រូវការ​ជួប​ផ្ទាល់​រវាង​វិនិយោគិន​ជាមួយ​មន្ត្រី​ផ្តល់​សេវា​ និង​បង្កើន​ភាព​ងាយ​ស្រួល ព្រម​ទាំង​ធ្វើ​ឱ្យ​បរិយាកាស​វិនិយោគ​នៅ​កម្ពុជា​កាន់​តែ​ទទួល​បាន​ទំនុក​ចិត្ត​ថែម​ទៀត​ពី​សំណាក់​វិនិយោគិន​ជាតិ និង​អន្តរជាតិ។\r\n\r\nឧបនាយក​រដ្ឋមន្ត្រី អនុ​ប្រធានទី១ ក្រុម​ប្រឹក្សា​អភិវឌ្ឍន៍​កម្ពុជា លោក ស៊ុន ចាន់ថុល បាន​ឱ្យ​ដឹង​ថា ​ប្រព័ន្ធ​គ្រប់គ្រង​គម្រោង​វិនិយោគ​កម្ពុជា​(ប្រព័ន្ធ cdcIPM)​នឹង​ផ្តល់​ភាព​ងាយ​ស្រួល​សម្រាប់​អ្នក​វិនិយោគ​ដែល​ចង់​វិនិយោគ​នៅ​កម្ពុជា​។ \r\n\r\nការ​ដាក់​ឱ្យ​ដំណើរការ​ប្រព័ន្ធ​ចុះ​បញ្ជី​តាម​ប្រព័ន្ធ​បច្ចេក​វិទ្យា គឺជា​​វត្ថុបំណង​របស់​រាជរដ្ឋាភិបាល​ក្នុង​ការ​ផ្តល់​នូវ​ភាព​ងាយ​ស្រួល​ដើម្បី​ទាក់​ទាញ​ការ​វិនិយោគ​ផង និង​ផ្តល់​ព័ត៌មាន​ទៅ​ដល់​អ្នក​វិនិយោគ​ផង។\r\n\r\nលោក​បាន​ថ្លែង​ថា៖​«​ប្រព័ន្ធ​នេះ​គឺ​ងាយ​ស្រួល​ដល់​អ្នក​ប្រើប្រាស់​ក្នុង​ការ​ដាក់​ព័ត៌មាន ស្នើ​សុំ​ការ​វិនិយោគ និង​អាច​តាម​ដាន​ដោយ​ខ្លួនឯង ថាតើ​ទៅ​ដល់​ណាហើយ​ទម្រង់​របស់​ខ្ញុំ គឺ​កុំ​ដាក់​ទៅ​បាត់ឈឹង​ អស់ ២-៣​​អាទិត្យ​ មិន​ដឹង​ទៅ​ណា។ អ្នក​វិនិយោគ​អាច​តាម​ដាន​ប្រព័ន្ធ​នេះ​គ្រប់​ជំហាន​ទាំង​អស់​ និង​ដឹង​ទៅ​ដល់​ណាហើយ»។\r\n\r\nប្រធាន​សម្ព័ន្ធ​សមាគម​សហគ្រាស​ធុន​តូច និង​មធ្យម​កម្ពុជា លោក​តែ​ តាំង​ប៉ បាន​និយាយថា ឱកាស​ក្នុងការ​ទាក់ទាញ​អ្នកវិនិយោគ​ឱ្យមក​បណ្តាក់​ទុន​នឹងមាន​កាន់តែច្រើន​បន្ថែម​ទៀត បើ​តម្លៃ​អគ្គិសនី​នៅ​កម្ពុជា​អាច​ធ្លាក់ចុះ​ទាប​ជាង​ពេលនេះ ឬ​ប្រហាក់​ប្រ​ហែល​ប្រទេសជិតខាង​។ \r\n\r\nគ្រប់​ចង្វាក់​ផលិតកម្ម គឺ​ត្រូវការ​ប្រើប្រាស់​ថាមពល ដូច្នេះ​បើ​តម្លៃ​អគ្គិសនី​ទាប ថ្លៃដើម​ផលិត​ក៏​ទាប ដែល​នឹង​ធ្វើឱ្យ​សមត្ថ​ភាព​ប្រកួតប្រជែង​លើ​ទីផ្សារ​អន្តរជាតិ​កើនឡើង​។ លោក​បន្តថា ឧស្សាហកម្ម​ធំៗ​បាន​ចូលមក​វិនិយោគ​ផ្ទាល់​នៅ​កម្ពុជា​ជា​បន្តបន្ទាប់​នា​ពេល​នេះ។\r\n\r\nលោក​ថ្លែងថា​៖«​តម្លៃ​ប្រេង និង​តម្លៃ​អគ្គិសនី ជា​កត្តា​គួបផ្សំ​ដ៏​សំខាន់​ក្នុងការ​ទាក់ទាញ​វិនិយោគ​គិ​ន ព្រោះ​ប្រេង និង​អគ្គិសនី គឺជា​ធាតុ​ផ្សំ​ដ៏​សំខាន់​សម្រាប់​ផ្នែក​ផលិតកម្ម ក្រៅពី​ការ​ចំណាយ​លើ​វត្ថុធាតុដើម និង​កម្លាំង​ពលកម្ម​។ ពេលណា​តម្លៃ​ប្រេង រួមទាំង​តម្លៃ​អគ្គិសនី​មាន​ស្ថិរភាព និង​តម្លៃ​ទាប​វិនិយោគិន​នឹង​មើលឃើញ​ពី​ឱកាស​ចេញពី​កត្តា​ទាំងអស់នោះ»៕', '89553.jpg', 7, 'thaiCEO2025', 0, 1, '2024-12-23 11:29:50'),
(36, 'ជម្រះអតីតកាល កសាងអនាគត៖ កិច្ចសហប្រតិបត្តិការមនុស្សធម៌ សហរដ្ឋអាមេរិក-កម្ពុជា​', 'ខេត្ដព្រះសីហនុ៖ ដំណើរទស្សនកិច្ចរបស់ឧត្តមនាវីឯក Samuel Paparo មេបញ្ជាការនៃ​បញ្ជាការដ្ឋានឥណ្ឌូប៉ាស៊ីហ្វិកសហរដ្ឋអាមេរិក មកកាន់ប្រទេសកម្ពុជាក្នុងសប្តាហ៍នេះ បានបង្ហាញពីភាពជាដៃគូមនុស្សធម៌ដ៏យូរអង្វែងរវាងប្រជាជាតិទាំងពីរ។\r\n\r\nថ្លែងកាលពីថ្ងៃទី១៨ ខែធ្នូ នៅកំពង់ផែស្វយ័តក្រុងព្រះសីហនុ ជាទីដែលនាវា USS Savannah ចូលចតរយៈ​ពេល ៥​ថ្ងៃ​ លោក Paparo បានសង្កត់ធ្ងន់លើសារៈសំខាន់នៃការដោះស្រាយកេរដំណែលប្រវត្តិសាស្ត្រ ខណៈពេលដែលការកសាងទំនាក់ទំនងកាន់តែរឹងមាំសម្រាប់អនាគត។\r\n\r\nលោក Paparo បាន​ថ្លែង​ថា៖ «​សហរដ្ឋអាមេរិកមានមោទនភាពក្នុងការជួយដល់កិច្ចខិតខំប្រឹងប្រែងរបស់កម្ពុជាក្នុងការដោះស្រាយកេរដំណែលនៃសង្គ្រាម» ដោយលោក​សំដៅលើកិច្ចសហប្រតិបត្តិការជិតបីទសវត្សរ៍លើការបោសសម្អាតមីន និងយុទ្ធភណ្ឌមិនទាន់ផ្ទុះ (UXO)។\r\n\r\nលោកបានកត់សម្គាល់ថា ភាពជាដៃគូនេះបានជួយសង្គ្រោះជីវិតមនុស្សរាប់មិនអស់ ហើយនៅតែជាមូលដ្ឋានគ្រឹះនៃទំនាក់ទំនងរវាងសហរដ្ឋអាមេរិក និងកម្ពុជា។\r\n\r\nទិដ្ឋភាពនៃប្រទេសកម្ពុជានៅតែត្រូវបានសម្គាល់ដោយសំណល់នៃជម្លោះអតីតកាល ដោយគ្រាប់មីន និង យុទ្ធភណ្ឌមិនទាន់ផ្ទុះ UXO រាប់លានគ្រាប់ បង្កហានិភ័យជាបន្តបន្ទាប់ដល់សហគមន៍។\r\n\r\nចាប់តាំងពីដើមទសវត្សរ៍ឆ្នាំ ១៩៩០ មក សហរដ្ឋអាមេរិកបានផ្តល់ជំនាញបច្ចេកទេស សម្ភារៈបរិក្ខារ និងថវិកា ដើម្បីគាំទ្រដល់កិច្ចខិតខំប្រឹងប្រែងដោះមីនរបស់កម្ពុជា។\r\n\r\nគំនិតផ្តួចផ្តើមទាំងនេះមិនត្រឹមតែបានជួយសម្អាតតំបន់គ្រោះថ្នាក់ប៉ុណ្ណោះទេ ប៉ុន្តែថែមទាំងបានកសាងសមត្ថភាពក្នុងតំបន់ដើម្បីទ្រទ្រង់ការងារផងដែរ។\r\n\r\nកម្មវិធីស្រាវជ្រាវ និងអភិវឌ្ឍន៍ការដោះមីនមនុស្សធម៌របស់ក្រសួងការពារជាតិសហរដ្ឋអាមេរិក និងក្រសួងការបរទេសសហរដ្ឋអាមេរិក បានដើរតួយ៉ាងសំខាន់ក្នុងកិច្ចខិតខំប្រឹងប្រែងទាំងនេះ។\r\n\r\n', '28036.jpg', 7, 'thaiCEO2025', 0, 1, '2024-12-20 12:33:20'),
(46, 'សន្លឹកកិច្ចការបេក្ខជន នៃការប្រឡងប្រជែងជ្រើសរើសមន្ត្រីរាជការ ឱ្យចូលបម្រើការងារនៅមន្ទីរពេទ្យបង្អែកកម្រិត១ ប៊ុនរ៉ានី ហ៊ុនសែន រុនតាឯក និង មន្ទីរពេទ្យបង្អែកកម្រិត១ ពាក់ស្នែង នៃរដ្ឋបាលខេត្តសៀមរាប បានចាប់ផ្តើមកំណែនាព្រឹកថ្ងៃទី២៥ ខែធ្នូ ឆ្នាំ២០២៤', 'រាល់ដំណើរការប្រឡង និងការកែសន្លឹកកិច្ចការបេក្ខជន ក្រសួងមុខងារសាធារណៈ តែងតែអនុវត្តតាមគោលការច្បាប់នៃនិយាមនីតិវិធីប្រតិបត្តិ ស្តីពីការប្រឡងប្រជែងជ្រើសរើសមន្ត្រីរាជការស៊ីវិល ដែលបានកំណត់ថា បន្ទាប់ពីការប្រឡងចប់បានមួយថ្ងៃ ដំណើរការកែសន្លឹកកិច្ចនឹងចាប់ផ្តើមនៅថ្ងៃបន្ទាប់។ នាព្រឹកថ្ងៃទី២៥ ខែធ្នូ ឆ្នាំ២០២៤ នៅមណ្ឌលកំណែសាលាភូមិន្ទរដ្ឋបាល ឯកឧត្តម ឧបនាយករដ្ឋមន្ត្រី ហ៊ុន ម៉ានី រដ្ឋមន្ត្រីក្រសួងមុខងារសាធារណៈ និងជាប្រធានគណៈកម្មការរៀបចំការប្រឡងប្រជែង បានអញ្ជើញពិនិត្យដោយផ្ទាល់ទៅលើដំណើរការ និងនីតិវិធីកែសន្លឹកកិច្ចការនៃការប្រឡងប្រជែងជ្រើសរើសមន្ត្រីរាជការ ឱ្យចូលបម្រើការងារនៅមន្ទីរពេទ្យបង្អែកកម្រិត១ ប៊ុនរ៉ានី ហ៊ុនសែន រុនតាឯក និង មន្ទីរពេទ្យបង្អែកកម្រិត១ ពាក់ស្នែង នៃរដ្ឋបាលខេត្តសៀមរាប។ \r\n\r\nសូមជម្រាបថា កំណែសន្លឹកកិច្ចការ ចាប់ផ្តើមពីម៉ោង ៧:៣០ព្រឹក ថ្ងៃទី ២៥ ខែធ្នូ ឆ្នាំ ២០២៤ តាមរយៈការកាត់ក្បាលសន្លឹកកិច្ចការ ការចុះលេខ និងនីតិវិធីនានា ដែលស្ថិតក្រោមការឃ្លាំមើលជាប់ជាប្រចាំពីអង្គភាពប្រឆាំងអំពើពុករលួយ និងអនុគណៈកម្មការត្រួតពិនិត្យ និងវាយតម្លៃ អ្នកសង្កេតការណ៍មហាជនដែលបានចុះឈ្មោះ សហភាពសហព័ន្ធយុវជនកម្ពុជា អ្នកសារព័ត៌មានមកពីស្ថាប័នអង្គភាពជាច្រើនផ្សេងទៀត ស្របតាមនិយាមនីតិវិធីប្រតិបត្តិដែលបានកំណត់ ដោយឈរលើគោលការណ៍គុណាធិបតេយ្យ តម្លាភាព យុត្តិធម៌ បរិយាបន្ន និងប្រសិទ្ធភាព៕', '31984.jpeg', 7, '7 ', 0, 1, '2024-12-25 11:35:56'),
(47, 'ពិតជាអស្ចារ្យណាស់! កូនខ្មែរអាចបង្កើតដ្រូនដែលអាចឲ្យមនុស្សហោះហើរ និងបើកបរបាននៅលើអាកាស កំពុងតែល្បីដល់សារព័ត៌មានអន្ដរជាតិ', 'ភ្នំពេញ៖ បើយោងតាមការចុះផ្សាយរបស់សារព័ត៌មានអន្ដរជាតិ AEC News ដែលបានទៅចុះយកពត៌មានផ្ទាល់ នៅឯវិទ្យាស្ថានជាតិបច្ចេកទេសកម្ពុជា National Polytechnic Instistute Cambodia ហៅកាត់ថា NPIC បានបង្ហាញនូវស្នាដៃថ្មីស្រឡាងរបស់យុវសិស្សនៃវិទ្យាស្ថាន NPIC ចំពោះសមិទ្ធផលរបស់របស់សិស្សានុសិស្ស ដែលពួកគេអាចមានសមត្ថភាពដ៏អស្ចារ្យនៅក្នុងការបង្កើតដ្រូន ដែលអាចឲ្យមនុស្សអង្គុយបញ្ជារដ្រូននោះហោះហើរបាន ដែលកំពុងតែទទួលបាននូវការចាប់អារម្មណ៍ជាខ្លាំងពីសំណាក់មហាជនទាំងក្នុងនិងក្រៅបរិវេណសាលា។', '47825.jpg', 1, '1 ', 0, 1, '2024-12-25 11:36:47'),
(48, 'មេដឹកនាំ​ហ្គ្រោអង់ឡង់​ឆ្លើយ​ទៅ​លោក Trump ថា​ ហ្គ្រោអង់ឡង់​មិនមែន​សម្រាប់​លក់​ទេ', 'ទីក្រុង​កូប៉ិនហាក ប្រទេស​ដាណឺម៉ាក — \r\nមេដឹកនាំ​ហ្គ្រោអង់ឡង់ (Greenland) បាន​ឆ្លើយតប​ទៅនឹង​ប្រធានាធិបតី​ជាប់ឆ្នោត​របស់​សហរដ្ឋ​អាមេរិក​លោក Donald Trump កាលពី​ថ្ងៃ​ចន្ទ​ថា ហ្គ្រោអង់ឡង់​មិនមែន​សម្រាប់​លក់​ទេ។ នេះ​បើ​យោង​តាម​ទីភ្នាក់ងារ​សារព័ត័មាន Reuters។ ការ​លើកឡើង​នេះ​ធ្វើ​ឡើង​ក្រោយពី​លោក Trump បាន​និយាយ​អំពី «កម្មសិទ្ធិ​និង​ការ​គ្រប់គ្រង» ដែន​កោះ​ដ៏​ធំ​មហិមា​នៅ​តំបន់​អាកទិក​នេះ ដែល​ដែន​កោះ​នេះ​គឺជា​ផ្នែក​មួយ​របស់​ប្រទេស​ដាណឺម៉ាក​អស់​ជាង ៦០០ ឆ្នាំ​មក​ហើយ។\r\n\r\nនាយករដ្ឋមន្ត្រី​ហ្គ្រោអង់ឡង់​លោក Mute Egede បាន​បញ្ជាក់​ជា​លាយលក្ខណ៍​អក្សរ​ថា៖ «ហ្គ្រោអង់ឡង់​ជា​របស់​យើង។ យើង​មិន​មែន​សម្រាប់​លក់​ទេ ហើយ​នឹង​មិន​លក់​ជា​ដាច់ខាត។ យើង​មិន​ត្រូវ​បាត់បង់​ការ​តស៊ូ​ដ៏​យូរ​មក​ហើយ​របស់​យើង​ដើម្បី​សេរីភាព​នោះទេ»។\r\n\r\nកាលពី​ថ្ងៃ​អាទិត្យ លោក Trump បាន​ប្រកាស​ថា​លោក​បាន​ជ្រើសរើស​លោក Ken Howery អតីត​ប្រេសិត​របស់​អាមេរិក​ប្រចាំ​ប្រទេស​ស៊ុយអែត ឲ្យ​ធ្វើជា​ឯកអគ្គរដ្ឋទូត​របស់​លោក​ប្រចាំ​ប្រទេស​ដាណឺម៉ាក ហើយ​លោក Trumpបាន​និយាយ​អំពី​ស្ថានភាព​បច្ចុប្បន្ន​របស់​ដែនដី​ហ្គ្រោអង់ឡង់​ដែល​ជា​ផ្នែក​ពាក់កណ្តាល​ស្វ័យត​របស់​ដាណឺម៉ាក​និង​ជា​កន្លែង​ឈរជើង​របស់​មូលដ្ឋាន​ទ័ព​អាកាស​ដ៏​ធំ​របស់​អាមេរិក។\r\n\r\nលោក Trump បាន​សរសេរ​តាម​ប្រព័ន្ធ​ផ្សព្វផ្សាយ​អនឡាញ Truth Social ថា៖ «ដើម្បី​សន្តិសុខ​ជាតិ​និង​សេរីភាព​ទូទាំង​ពិភពលោក សហរដ្ឋ​អាមេរិក​មាន​អារម្មណ៍​ថា​កម្មសិទ្ធិ​និង​ការ​គ្រប់គ្រង​ហ្គ្រោអង់ឡង់​គឺ​ជា​ភាព​ចាំបាច់​ដាច់ខាត»។\r\n\r\nលោក Trump ដែល​នឹង​ចូល​កាន់តំណែង​នៅ​ថ្ងៃ​ទី ២០ ខែ​មករា​ខាង​មុខនេះ មិន​បាន​បញ្ជាក់​លម្អិត​អំពី​ការ​លើកឡើង​របស់​លោក​នោះទេ។\r\n\r\nដែន​កោះ​ហ្គ្រោអង់ឡង់​នេះ ដែល​មាន​រដ្ឋធានី​នូក​នៅ​កៀក​នឹង​រដ្ឋ New York របស់​អាមេរិក​ជាង​រាជធានី​កូប៉ិនហាក​របស់​ដាណឺម៉ាក សម្បូរ​ទៅ​ដោយ​រ៉ែ ប្រេង និង​ឧស្ម័ន​ធម្មជាតិ។ តែ​ការ​អភិវឌ្ឍ​នៅ​ទីនោះ​នៅ​មាន​ភាព​យឺតយ៉ាវ​ដោយ​ធ្វើ​ឲ្យ​សេដ្ឋកិច្ច​កោះ​នោះ​ពឹង​អាស្រ័យ​លើ​ការ​នេសាទ​និង​ការ​ឧបត្ថម្ភ​ធន​ប្រចាំ​ឆ្នាំ​ពី​ប្រទេស​ដាណឺម៉ាក៕', '61285.avif', 15, '15 ', 0, 1, '2024-12-25 11:42:52'),
(49, 'អាមេរិក​ដាក់​ទណ្ឌកម្ម​​អ៊ីរ៉ង់​និង​ក្រុមពាក់ព័ន្ធ​នឹង​ពួក Houthi', 'សហរដ្ឋ​អាមេរិក​បាន​ដាក់​ទណ្ឌកម្ម​កាលពី​ថ្ងៃ​ព្រហស្បតិ៍​លើ​អ៊ីរ៉ង់​និង​អង្គភាព​ពាក់​ព័ន្ធ​នឹង​ពួក Houthi។ នេះ​បើយោង​តាម​គេហទំព័រ​ក្រសួង​ហិរញ្ញវត្ថុ​ដែល​បាន​រាយ​ឈ្មោះ​បុគ្គល ក្រុមហ៊ុន​និង​នាវា​នានា​ដែល​ត្រូវបាន​ចាត់​ជា​ទីដៅ។\r\n\r\nការ​ដាក់​ទណ្ឌកម្ម​នេះ​សំដៅ​លើ​នាវា​៣គ្រឿង​ដែល​ជាប់​ពាក់ព័ន្ធ​នឹង​ពាណិជ្ជកម្ម​ប្រេង​អ៊ីរ៉ង់​និង​ប្រេង​គីមី ដែល​រកប្រាក់​បាន​រាប់ពាន់​លាន​ដុល្លារ​ដល់​ក្រុម​មេដឹកនាំ​អ៊ីរ៉ង់ គាំទ្រ​ដល់​កម្មវិធី​អាវុធ​នុយក្លេអ៊ែរ​របស់​រដ្ឋាភិបាល​ក្រុង​តេហេរ៉ង់ ការផលិត​មីស៊ីល​ផ្លោង​និង​ផ្តល់​ថវិការ​ដល់​ក្រុម​ឧទ្ទាម​នានា​ដូចជាក្រុម Hezbollah ក្រុម Hamas និង​ ក្រុម Houthi។ នេះបើយោងតាម​ក្រសួងហិរញ្ញវត្ថុ​សហរដ្ឋ​អាមេរិក។\r\n\r\nលោក Bradley Smith អនុរដ្ឋមន្ត្រីស្តីទី​សម្រាប់​ការិយាល័យ​ភេរវកម្ម​និងចារកម្ម​ហិរញ្ញវត្ថុ​បាន​ថ្លែង​ក្នុង​សេចក្តី​ថ្លែងការណ៍​មួយ​ថា«សហរដ្ឋ​អាមេរិក​ប្តេជ្ញា​ចាត់​វិធានការ​លើ​ប្រភព​ចំណូល​សំខាន់ៗរបស់​អ៊ីរ៉ង់​ដែល​ផ្តល់​ថវិការ​លើ​សកម្មភាព​បង្ក​អស្ថិរភាព​នានា»។ លោកSmith បានថ្លែងថា អ៊ីរ៉ង់​ពឹងផ្អែក​លើ«បណ្តាញ​ប្រភព​ងងឹត»​នៃ​នាវា​ ក្រុមហ៊ុន និង​អ្នកសម្របសម្រួល​នានា​លើ​សកម្មភាព​ទាំង​នោះ៕', '49608.avif', 15, '15 ', 0, 1, '2024-12-25 11:44:44'),
(50, 'សមាជិក​ព្រឹទ្ធសភា​ជាន់​ខ្ពស់​បក្ស​សាធារណរដ្ឋ​ជំរុញ​ឱ្យ​តុលាការ​កំពូលបដិសេធ​ការប្តឹង​ឧទ្ធ​ណ៍​របស់ក្រុមហ៊ុន​ Tik Tok', 'រូបឯកសារ៖ មនុស្សម្នាក់កាន់ស្មាតហ្វូន ខណៈនិមិត្តសញ្ញា Tik Tok ត្រូវបានបង្ហាញនៅខាងក្រោយក្នុងរូបភាពនេះ។\r\nចែករំលែក\r\n\r\n មើល​មតិ\r\n\r\n បោះពុម្ព\r\n\r\nសមាជិក​ព្រឹទ្ធសភា​កំពូល​ខាង​គណបក្ស​សាធារណរដ្ឋ​លោក Mitch McConnell កាល ពី​ថ្ងៃ​ពុធ​បាន​ជំរុញ​ឱ្យ​តុលាការ​កំពូល​សហរដ្ឋ​អាមេរិក​ច្រានចោល​ការស្វះស្វែង​របស់​ក្រុមហ៊ុន Tik Tok និង​ក្រុមហ៊ុន​មេ​ ByteDance របស់​ក្រុមហ៊ុន​នោះ​ដែល​មាន​មូលដ្ឋាន​នៅ​ក្នុង​ប្រទេស​ចិនឱ្យ​រារាំង​ច្បាប់​ដែល​មាន​គោលបំណង​បង្ខំ​ឱ្យ​លក់​appវីដេអូ​ខ្លីៗនៅ​កំណត់​ថ្ងៃ​ទី១៩ ខែ​មករា​ខាង​មុខ បើពុំ​ដូច្នេះ​ទេ​ត្រូវ​ប្រឈមនឹងការហាមឃាត់ដោយ​ឈរលើ​ហេតុផល​សន្តិសុខ​ជាតិ។ នេះ​បើ​តាម​សេចក្តីរាយការណ៍​របស់​ទីភ្នាក់ងារ​សារព័ត៌មាន Reuters។\r\n\r\nតុលាការ​មាន​គម្រោង​ពិនិត្យរឿងក្តី​នេះ​នៅ​ថ្ងៃ​ទី១០ ខែ​មករា​ខាង​មុខ​នេះ។\r\n\r\nនៅ​ក្នុង​សារណា​សង្ខេប​ លោក McConnell បាន​ហៅ​សំអាង​ហេតុរបស់​ក្រុមហ៊ុន​នោះ​ថា​«គ្មាន​អង្គហេតុនិងមិន​ត្រឹមត្រូវ នេះ​ជា​បទដ្ឋាន​នៃការ​វិវាទ​នៅ​ពេល​បញ្ចប់​រដ្ឋបាល​មួយ ដោយ​អ្នក​ប្តឹង​សង្ឃឹម​ថា​រដ្ឋបាល​ថ្មី នឹង​អនុញ្ញាត​ឱ្យនៅ​ប្រតិបត្តិបាន​។ តុលាការ​នេះ មិន​ត្រូវ​អនុញ្ញាត​ឱ្យ​គូសត្រូវ​បរទេស​ធ្វើ​សកម្មភាព​ឧក្រិដ្ឋកម្ម​នោះ​ទេ។\r\n\r\nលោក McConnell បាន​និយាយ​ថា​សភា​មាន​កំណត់ពេល​នៅ​ថ្ងៃ​ទី១៩ ខែ​មករាដែល​ដកចេញភាពមិន​ប្រាកដ​ប្រជា​ខាង​នយោបាយ​ណា​មួយ​នៅ​ក្នុង​ការអនុវត្ត​ច្បាប់​ដោយដោយ​ការដាក់​បញ្ចូល​វា​ទៅក្នុង​រដ្ឋបាល​ដែល​បាន​គាំទ្រ​យ៉ាងខ្លាំង​នូវ​គោលបំណង​នៃ​សេចក្តីព្រាងច្បាប់​នេះ។\r\n\r\nក្រុមហ៊ុន Tik Tok មិន​បាន​ធ្វើ​អត្ថាធិប្បាយ​ភ្លាមៗ​ទេ។ ក្រុមហ៊ុន​បាន​បញ្ជាក់​នៅ​ក្នុង​ការដាក់ពាក្យ​ប្តឹង​ថា​ប្រធានាធិបតី​ជាប់​ឆ្នោត​លោក Donald Trump បាន​និយាយ​ថា​លោក​មិន​ចង់​បិទ​ក្រុមហ៊ុន Tik Tik​ទេ៕', '48188.avif', 15, '15 ', 0, 1, '2024-12-25 11:46:12'),
(51, 'គួរឲ្យសរសើរ កុមារកម្ពុជាម្នាក់រក្សាទុកឡានរបស់ខ្លួនបានជាង ៥០០គ្រឿង រយៈពេល៧ឆ្នាំ', 'កុមារាអាយុ ៧ឆ្នាំម្នាក់រស់នៅរាជធានីភ្នំពេញបានថែរក្សាទុកឡានរបស់ខ្លួនដែលលេងតាំងពីខ្លួនទើបដឹងក្តីរហូតដល់អាយុ៧ឆ្នាំបានរហូតដល់ជាង៥០០គ្រឿង។ខែ៦ ឆ្នាំ២០២១នេះ សួង សិទ្ធិស័ក្តិ មានអាយុ ៧ឆ្នាំហើយ។ ក្នុងថ្ងៃខួបរបស់ សិទ្ធិស័ក្តិ ឪពុករបស់ខ្លួនបានរៀបចំប្រមូលឡានដែល សិទ្ធិស័ក្តិ លេងតាំងពីទើបចេញអង្គុយមកថតសន្លឹក និងវីដេអូ ធ្វើជាកាដូ។\r\n\r\nកុមារា សួង សិទ្ធិស័ក្តិ អាយុ៧ឆ្នាំថតជាមួយឡានរបស់ខ្លួនដែលរក្សាទុកជាង៥០០គ្រឿង រូបថត៖ ផ្តល់ដោយ លោក សួង ម៉ារឌីលោក សួង ម៉ារឌី ឪពុករបស់ សិទ្ធិស័ក្តិ បានប្រាប់ឲ្យដឹងពីប្រវត្តិនៃការថែរក្សាទុកឡាននេះថា «នៅពេលដែល សិទ្ធិស័ក្តិ កើតមក ខ្ញុំមានគំនិតចង់រៀបចំឲ្យកូនមានការគិតថាអ្វីមួយជា Idol របស់គាត់ពេលធំឡើង ហើយពេលនោះបានជ្រើសរើសឡាន។ នៅពេលដែល សិទ្ធិស័ក្តិ ចាប់ផ្តើមចេះអង្គុយ ខ្ញុំក៏ចាប់ផ្តើមទិញឡានឲ្យគាត់ ១សប្តាហ៍ម្តង មួយខែម្តង ខួប និងគ្រប់កម្មវិធីគឺទិញឡានឲ្យរហូត មកពេលបច្ចុប្បន្ន»។លោក ម៉ារឌី បញ្ជាក់ថា ឡានទាំងអស់ដែល សិទ្ធិស័ក្តិ ស្រឡាញ់ និងសន្សំមកដល់សព្វថ្ងៃមានសរុប៥៤៣ ឡាន ឡាំបូគីនី ជាឡានដែលគាត់ស្រឡាញ់ជាងគេធំ និងតូច មាន៤២ គ្រឿង។ ថ្ងៃបន្ទាប់លោកនឹងរៀបចំបន្ទប់តូចមួយដាក់តាំងឡានទាំងនេះ និងរូបថតដែលលោកបានថតទាំងអស់ដើម្បីទុកឲ្យគាត់ពេលធំឡើង៕', '45099.jpg', 1, 'thaiCEO2025', 0, 1, '2024-12-25 11:51:13'),
(52, 'តួអង្គ Spider-Man លោក Tom Holland និង គូស្នេហ៍ ចាប់ដៃគ្នាសម្តែងក្នុងខ្សែភាពយន្តខ្នាតធំ', 'អ្នកដឹកនាំភាពយន្ត ឈ្នះពានអូស្ការ លោក Christopher Nolan នឹងនាំអារម្មណ៍ទស្សនិកជនទៅកាន់សម័យកាលបុរាណរបស់ក្រិក តាមរយៈខ្សែភាពយន្តខ្នាតធំ “The Odyssey” ដែលនឹងចាក់បញ្ចាំងនៅតាមរោងភាពយន្តនានានៅជុំវិញពិភពលោក នៅថ្ងៃទី ១៧ ខែកក្កដា ឆ្នាំ ២០២៦។\r\nតួអង្គ ចូលរួមសម្តែងនៅក្នុងខ្សែភាពយន្តថ្មី របស់ផលិតករឆ្នើម លោក Christopher Nolan មានដូចជា Zendaya, Tom Holland, Robert Pattinson, Matt Damon, Lupita Nyong’o, Anne Hathaway និង Charlize Theron។ តួអង្គមួយចំនួន ធ្លាប់បានបង្ហាញខ្លួនក្នុងខ្សែភាពយន្តមុនៗរបស់លោក Christopher Nolan រួចមកហើយ ជាក់ស្តែងមានដូចជា Pattinson, Damon និង Hathaway សម្តែងក្នុងរឿង “Tenet,” “Interstellar” និង “Oppenheimer”។ ភាពយន្ត “The Odyssey” ដែលនឹងធ្វើការចាក់បញ្ចាំងក្នុងឆ្នាំ ២០២៦ នេះ ប្រើប្រាស់បច្ចេកវិទ្យាទំនើបចុងក្រោយក្នុងការថត គឺ IMAX film technology។គួររំលឹកថា លោក Christopher Nolan ជាផលិតករ និង ជាអ្នកដឹកនាំរឿងឆ្នើមមួយរូប ដែលបានបន្សល់ស្នាដៃល្អៗ ក្នុងវិស័យកុនហូលីវូដ។ រឿង “Oppenheimer” របស់លោក បានឈ្នះពានរង្វាន់អូស្ការ ជាភាពយន្តដែលមានរូបភាពល្អបំផុត ហើយ លោកផ្ទាល់បានឈ្នះពានរង្វាន់ ជាផលិតករ ឆ្នើម និង ពាន Academy Award ជាអ្នកដឹកនាំខ្សែភាពយន្ត ល្អបំផុត៕', '37316.jpg', 1, '1 ', 0, 1, '2024-12-25 11:57:15'),
(53, 'កីឡាករនី វីរ៉ាផា បង្ហាញចំណាប់អារម្មណ៍បែបនេះមុនជួបជើងខ្លាំងចិនលើសង្វៀន…', 'អ្នកលេងគុនខ្មែរនី វីរ៉ាផា ដែលគ្រប់គ្នានិយមហៅឈ្មោះក្រៅថាមេឆាន ពេលនេះកំពុងទទួលបានការចាប់អារម្មណ៍ជាខ្លាំងពីសំណាក់អ្នកគាំទ្រគុនខ្មែរស្ទើរគ្រប់វ័យ ព្រោះតាមដឹងកូនសិស្សសំណព្វរបស់លោកគ្រូ​ Ricky រូបនេះពុំទាន់ស្គាល់ពាក្យបរាជ័យឡើងក្នុងការប្រកួតគូអន្តរជាតិ។យ៉ាងណាមិញនៅថ្ងៃទី១៦ខែមេសាខាងមុខនេះ អ្នកលេងគុនខ្មែរនី​ វីរ៉ាផា ក៏មានការរៀបចំអោយជួបជើងខ្លាំងចិនមួយរូបដែលមានឈ្មោះថា យី រ៉ៃ ក្នុងកម្មវិធី Wurkz សេនាគុនខ្មែរយ័ន្ត៨ទិស។ទោះបីជាយ៉ាងណាក៏ដោយមុនការប្រកួតមកដល់មេឆានបានថ្លែងក្នុងបទសម្ភាស៍មួយថា ខ្លួនមានការព្រួយបារម្ភណាស់ដែលចំពោះកីឡាករចិនរូបនេះ ព្រោះតាមដឹងកីឡាករចិនខាងលើគឺជាម្ចាស់ការពារខ្សែក្រវ៉ាត់ ISKA ពីរជំនាន់ ហើយលើសពីនោះទៅទៀតគ្នាក៏បានដឹងដែលថាកីឡាករ យី រ៉ៃ គេ​គឺល្អដៃ ក៏ប៉ុន្តែមេឆានបានបន្តថាខ្លួនចង់ជួបកីឡាករដែលមានកម្រិតល្អៗបែបនេះដើម្បីបញ្ជាក់ពីសមត្ថភាពរបស់ខ្លួនថានៅកម្រិតណា។គួរបន្ថែមផងដែលថាសម្រាប់ការប្រកួតគឺនិងត្រូវធ្វើឡើងនៅថ្ងៃទី១៦ ខែមេសា ឆ្នាំ២០២៤ ខណៈទីតាំងនៃការប្រកួតគឺនឹងត្រូវធ្វើឡើងនៅភូមិក្រោក្របី ឃុំត្រពាំងជង ស្រុកបាកាន ខេត្តពោធ៍សាត់៕', '16185.png', 16, 'thaiCEO2025', 0, 16, '2024-12-25 12:02:26'),
(54, 'គួន ម៉ុម តាំងចិត្តធ្វើរឿងមួយនេះជូនសុវណ្ណនាថ មុនពេលដែល...', 'កីឡាករសុវណ្ណនាថដែលអ្នកគាំទ្រភាគច្រើនស្គាល់ថាជាកីឡាករជំនាញប្ដូរចង្កេះលើអាកាស សល់ពេលមិនច្រើនទៀតនោះទេ រូបគេនឹងវិលត្រឡប់ទៅកាន់ទឹកដីសហរដ្ឋអាមេរិកវិញ ខណៈគួន ម៉ុម ក៏បានសន្យាថានឹងធ្វើការប្រកួតក្រៅផ្លូវការ៣ទល់និង៣ជាមួយសុវណ្ណនាថ មុនអធិរាជប្ដូរចង្កេះលើអាកាសត្រឡប់ទៅសហរដ្ឋអាមេរិកវិញ។យ៉ាងណាមិញតាមការចេញផ្សាយដោយសារពត៌មាន Peak Sports បានបង្ហាញអោយដឹងថា គួន ម៉ុម នឹងធ្វើការប្រកួត៣ទល់និង៣ជូនសុវណ្ណនាថ អោយបានមុនពេលសុវណ្ណនាថត្រឡប់ទៅវិញ ខណៈគួន ម៉ុម គ៏បានបញ្ជាក់ផងដែលថា ការប្រកួតអាចធ្វើឡើងនៅថ្ងៃទី២១ ខែមេសា ខាងមុខនេះប្រសិនបើគ្មានអ្វីប្រែប្រួល។គួរបន្ថែមផងដែលថានៅថ្ងៃទី២២ខែមេសាខាងមុខនេះ គួន ម៉ុម ក៏មានភារកិច្ចត្រូវប្រកួតវគ្គផ្ដាច់ព្រ័ត្រ ក្នុងកម្មវិធីប្រកួតកីឡាបាល់ទះ ៤ទល់និង៤ ទូទាំងប្រទេសដែលរៀបចំឡើងដោយក្រុមហ៊ុនភេជ្ជប៉ូវកំលាំង Wurkz ដោយឡែកទីតាំងនៃការប្រកួតគឺនឹងត្រូវធ្វើឡើងនាពហុកីឡដ្ឋានជាតិអូឡាំពិក ចាប់ពីម៉ោង៩ព្រឹកតទៅ៕', '45395.png', 16, '16 ', 0, 1, '2024-12-25 12:01:57'),
(55, 'ចាន់ ប៊ុនហឿន ប្រកាសចង់ជម្រះបញ្ជីចាស់ជាមួយម៉ឺន មេឃា ខណៈដែរ...', 'បន្ទាប់ពីដណ្តើមបានឡានខ្លាញ់គោថ្មីពី Boostrong អ្នកលេងគុនខ្មែរចាន់ ប៊ុនហឿន ហាក់ឡើងកម្ដៅចង់សងទាយាទគុនខ្មែរម៉ឺន មេឃា ជំនួសរាមច្បងរបស់ខ្លួនកីឡាករ ឡុង បេនលឿន ដែលបោះបង់ការប្រកួតក្រោមថ្វីដៃមេឃាកាលពីពេលកន្លងទៅ។យ៉ាងណាមិញតាមរយៈការបង្ហើបដោយប្រយោល ចាន់ ប៊ុនហឿន បាននិយាយថាក្រោយបញ្ចប់ភារកិច្ចការពារខ្សែក្រវ៉ាត់ រូបគេមានបំណងចង់សងសឹករកឈ្នះចាញ់ជាមួយកីឡាករម៉ឺន មេឃា ម្ដងទៀត ព្រោះកន្លងមកធ្លាប់ជួបគ្នាម្ដងលទ្ធផលស្មើរគ្នា ហេតុចង់ជួបគ្នាជម្រះបញ្ជីចាស់ម្ដងដើម្បីរកសខ្មៅ។ទោះបីជាយ៉ាងណាក៏ដោយត្បិតចាន់ ប៊ុនហឿន ទទូចចង់សងសឹកជាមួយទាយាទគុនខ្មែរត្រកូលអេក៏ពិតមែន សាមីខ្លួនកីឡាករម៉ឺន មេឃា បានបង្ហើបថា រូបគេមិនចង់ប៉ះខ្មែរគ្នាឯងនោះទេ តែបើ ប៊ុនហឿន ចង់សងសឹកហើយមានការរៀបចំអោយជួប គាត់ទទួលជានិច្ច៕', '84639.png', 16, '16 ', 0, 1, '2024-12-25 12:08:00');

-- --------------------------------------------------------

--
-- Table structure for table `feedback`
--

CREATE TABLE `feedback` (
  `id` int(10) UNSIGNED NOT NULL,
  `username` varchar(255) NOT NULL,
  `email` varchar(255) NOT NULL,
  `telephone` varchar(255) NOT NULL,
  `address` varchar(255) NOT NULL,
  `message` text NOT NULL,
  `date` timestamp NOT NULL DEFAULT current_timestamp() ON UPDATE current_timestamp()
) ENGINE=InnoDB DEFAULT CHARSET=utf8mb4 COLLATE=utf8mb4_general_ci;

-- --------------------------------------------------------

--
-- Table structure for table `pages`
--

CREATE TABLE `pages` (
  `id` int(10) UNSIGNED NOT NULL,
  `name` varchar(255) NOT NULL,
  `description` text NOT NULL
) ENGINE=InnoDB DEFAULT CHARSET=utf8mb4 COLLATE=utf8mb4_general_ci;

-- --------------------------------------------------------

--
-- Table structure for table `users`
--

CREATE TABLE `users` (
  `user_id` int(10) UNSIGNED NOT NULL,
  `username` varchar(255) NOT NULL,
  `email` varchar(255) NOT NULL,
  `password` varchar(255) NOT NULL,
  `phone` varchar(255) DEFAULT NULL,
  `image` varchar(255) DEFAULT NULL,
  `role` int(11) NOT NULL,
  `date` timestamp NOT NULL DEFAULT current_timestamp() ON UPDATE current_timestamp()
) ENGINE=InnoDB DEFAULT CHARSET=utf8mb4 COLLATE=utf8mb4_general_ci;

--
-- Dumping data for table `users`
--

INSERT INTO `users` (`user_id`, `username`, `email`, `password`, `phone`, `image`, `role`, `date`) VALUES
(5, 'thaiCEO', 'thaiCEO$@gmail.com', 'fa246d0262c3925617b0c72bb20eeb1d', NULL, NULL, 1, '2024-11-26 09:02:41'),
(16, 'thaiCEO2025', 'kimthai9999@gmail.com', '885df499d99dcac35bc145de603bd742', NULL, '3160.jpg', 1, '2024-12-31 02:41:44');

--
-- Indexes for dumped tables
--

--
-- Indexes for table `category`
--
ALTER TABLE `category`
  ADD PRIMARY KEY (`category_id`),
  ADD UNIQUE KEY `category_category_name_unique` (`category_name`);

--
-- Indexes for table `contact`
--
ALTER TABLE `contact`
  ADD PRIMARY KEY (`id`);

--
-- Indexes for table `content`
--
ALTER TABLE `content`
  ADD PRIMARY KEY (`id`),
  ADD KEY `category` (`category`);

--
-- Indexes for table `feedback`
--
ALTER TABLE `feedback`
  ADD PRIMARY KEY (`id`);

--
-- Indexes for table `pages`
--
ALTER TABLE `pages`
  ADD PRIMARY KEY (`id`);

--
-- Indexes for table `users`
--
ALTER TABLE `users`
  ADD PRIMARY KEY (`user_id`),
  ADD UNIQUE KEY `users_password_unique` (`password`);

--
-- AUTO_INCREMENT for dumped tables
--

--
-- AUTO_INCREMENT for table `category`
--
ALTER TABLE `category`
  MODIFY `category_id` int(10) UNSIGNED NOT NULL AUTO_INCREMENT, AUTO_INCREMENT=17;

--
-- AUTO_INCREMENT for table `contact`
--
ALTER TABLE `contact`
  MODIFY `id` int(10) UNSIGNED NOT NULL AUTO_INCREMENT;

--
-- AUTO_INCREMENT for table `content`
--
ALTER TABLE `content`
  MODIFY `id` int(10) UNSIGNED NOT NULL AUTO_INCREMENT, AUTO_INCREMENT=56;

--
-- AUTO_INCREMENT for table `feedback`
--
ALTER TABLE `feedback`
  MODIFY `id` int(10) UNSIGNED NOT NULL AUTO_INCREMENT;

--
-- AUTO_INCREMENT for table `pages`
--
ALTER TABLE `pages`
  MODIFY `id` int(10) UNSIGNED NOT NULL AUTO_INCREMENT;

--
-- AUTO_INCREMENT for table `users`
--
ALTER TABLE `users`
  MODIFY `user_id` int(10) UNSIGNED NOT NULL AUTO_INCREMENT, AUTO_INCREMENT=18;

--
-- Constraints for dumped tables
--

--
-- Constraints for table `content`
--
ALTER TABLE `content`
  ADD CONSTRAINT `content_ibfk_1` FOREIGN KEY (`category`) REFERENCES `category` (`category_id`) ON DELETE CASCADE ON UPDATE CASCADE;
COMMIT;

/*!40101 SET CHARACTER_SET_CLIENT=@OLD_CHARACTER_SET_CLIENT */;
/*!40101 SET CHARACTER_SET_RESULTS=@OLD_CHARACTER_SET_RESULTS */;
/*!40101 SET COLLATION_CONNECTION=@OLD_COLLATION_CONNECTION */;
